Name,Value.lat,Value.lon,Value.address
"Stonington, New London County, Connecticut, United States of America",41.5187226,-72.0519409,"Stonington Estates, Norwich, Southeastern Connecticut Planning Region, Connecticut, United States"
"La Rochelle, Manche, Basse-Normandie, France",46.159732,-1.1515951,"La Rochelle, Charente-Maritime, Nouvelle-Aquitaine, France métropolitaine, 17000, France"
"Lapraire, Lapraire, Quebec, Canada",45.4797055,-73.5646887,"Rue Laprairie, Pointe-Saint-Charles, Le Sud-Ouest, Montréal, Agglomération de Montréal, Montréal (région administrative), Québec, H3K 1M8, Canada"
"Guilford, New Haven, Connecticut, USA",41.2976052,-72.9265437,"New Haven Union Station, Union Avenue, Long Wharf, New Haven, South Central Connecticut Planning Region, Connecticut, 06473, United States"
"North Stonington, New London, Connecticut, USA",41.4915013,-72.1237666,"New London, Connecticut, 06382, United States"
"Middletown, Middlesex, Connecticut, USA",41.5461633,-72.6238142,"Connecticut State Veterans Cemetery, 317, Middletown, Lower Connecticut River Valley Planning Region, Connecticut, 06457, United States"
"Hartford, Hartford County, Connecticut, United States of America",43.6349274,-72.3308184,"Connecticut River Road, Hartford, Windsor County, Vermont, 05009, United States"
"Middletown, Middlesex, Connecticut, United States",41.5461633,-72.6238142,"Connecticut State Veterans Cemetery, 317, Middletown, Lower Connecticut River Valley Planning Region, Connecticut, 06457, United States"
"Wethersfield, Hartford County, Connecticut, United States of America",41.7142665,-72.6525922,"Wethersfield, Capitol Planning Region, Connecticut, 06109, United States"
"Goffs Point, Seneca, New York, USA",42.6764593,-76.8230111,"Town of Ovid, Seneca County, New York, 14521, United States"
"Hatsburgh, Devon, , England",50.7241405,-3.6607788,"Devon, England, United Kingdom"
"Canaan, Litchfield, Connecticut, USA",41.747319,-73.1887243,"Litchfield, Northwest Hills Planning Region, Connecticut, United States"
"Glastonbury, Hartford County, Connecticut, United States of America",41.7123218,-72.608146,"Glastonbury, Capitol Planning Region, Connecticut, United States"
"Caldercote, Northamptonshire, England",52.3106138,-0.865913,"Northamptonshire, England, United Kingdom"
"Canaan, Litchfield, Connecticut",41.747319,-73.1887243,"Litchfield, Northwest Hills Planning Region, Connecticut, United States"
"Farmington, Hartford County, Connecticut, United States of America",41.7198216,-72.8320435,"Farmington, Capitol Planning Region, Connecticut, United States"
"Glastonbury, Hartford County, CT, USA",41.7123218,-72.608146,"Glastonbury, Capitol Planning Region, Connecticut, United States"
"Hartford, Hartford County, Connecticut, USA",43.6349274,-72.3308184,"Connecticut River Road, Hartford, Windsor County, Vermont, 05009, United States"
"Lapraire, , Quebec, Canada",45.4797055,-73.5646887,"Rue Laprairie, Pointe-Saint-Charles, Le Sud-Ouest, Montréal, Agglomération de Montréal, Montréal (région administrative), Québec, H3K 1M8, Canada"
"Raby Castle, Durham, North Carolina, USA",54.5910607,-1.8017245,"Raby Castle, A688, Raby with Keverstone, Staindrop, County Durham, North East, England, DL2 3AF, United Kingdom"
"Stonington, New London, British Colonial America, Connecticut, USA",41.5187226,-72.0519409,"Stonington Estates, Norwich, Southeastern Connecticut Planning Region, Connecticut, United States"
"Colewick, Nottinghamshire, , England",53.1459288,-1.0214971,"Nottinghamshire, East Midlands, England, United Kingdom"
"Guilford, New Haven County, Connecticut, United States of America",41.2976052,-72.9265437,"New Haven Union Station, Union Avenue, Long Wharf, New Haven, South Central Connecticut Planning Region, Connecticut, 06473, United States"
"Kingston Lisle, Berkshire, , England",51.4534889,-1.031873,"Berkshire, Reading, England, United Kingdom"
"Villers Sur Mar, Calvados Aisne, Normandie, France",49.4452254,1.0913423,"Banque de France, 32, Rue Jean Lecanuet, Vieux-Marché-Cathédrale, Quartier Vieux-Marché Cathédrale, Rouen, Seine-Maritime, Normandie, France métropolitaine, 76000, France"
"Canaan, Litchfield, Connecticut, United States",41.747319,-73.1887243,"Litchfield, Northwest Hills Planning Region, Connecticut, United States"
"Ennismore, Victoria, Ontario, Canada",44.4099602,-78.4317746,"Ennismore, Selwyn, Peterborough County, Central Ontario, Ontario, K0L 1T0, Canada"
"Middletown, Middlesex County, Connecticut, United States of America",41.5461633,-72.6238142,"Connecticut State Veterans Cemetery, 317, Middletown, Lower Connecticut River Valley Planning Region, Connecticut, 06457, United States"
"Mortagne, Chartres, Perche, France",48.5205106,0.5501095,"Mortagne-au-Perche, Orne, Normandie, France métropolitaine, 61400, France"
"Piscataway, Middlesex, New Jersey British Colony, America",40.5464326,-74.4660542,"Piscataway Township, Middlesex County, New Jersey, United States"
"St Constant, Canda, Quebec, Canada",45.3724897,-73.5704589,"Saint-Constant, Roussillon, Montérégie, Québec, Canada"
"Norwich, New London County, Connecticut, United States of America",41.4915013,-72.1237666,"New London, Connecticut, 06382, United States"
"Providence, Providence, Rhode Island, Colonial America",41.8239891,-71.4128343,"Providence, Providence County, Rhode Island, United States"
"Southold, Long Island, New York, USA",41.067221,-72.4408007,"Southold, Town of Southold, Suffolk County, New York, 11971, United States"
"Southold, Suffolk, Long Island, New York, USA",41.067221,-72.4408007,"Southold, Town of Southold, Suffolk County, New York, 11971, United States"
"Stratford, Fairfield, Connecticut, USA",41.1923646,-73.1304917,"Stratford, Greater Bridgeport Planning Region, Connecticut, United States"
"Suffolk, Lewis, New York, USA",42.7913482,-77.8240969,"Suffolk Hall, 70, Red Jacket Drive, Village of Geneseo, Town of Geneseo, Livingston County, New York, 14454, United States"
"Wethersfield, Hartford County, Connecticut, USA",41.7142665,-72.6525922,"Wethersfield, Capitol Planning Region, Connecticut, 06109, United States"
"Adams, Berwick, Massachusetts, USA",42.6209431,-73.1204129,"Adams, Berkshire County, Massachusetts, 01220, United States"
"Falaise, Calvados, Basse-Normandie, France",49.4452254,1.0913423,"Banque de France, 32, Rue Jean Lecanuet, Vieux-Marché-Cathédrale, Quartier Vieux-Marché Cathédrale, Rouen, Seine-Maritime, Normandie, France métropolitaine, 76000, France"
"of, , Normandy, France",49.4452254,1.0913423,"Banque de France, 32, Rue Jean Lecanuet, Vieux-Marché-Cathédrale, Quartier Vieux-Marché Cathédrale, Rouen, Seine-Maritime, Normandie, France métropolitaine, 76000, France"
"Canaan, Litchfield Co., Connecticut",41.747319,-73.1887243,"Litchfield, Northwest Hills Planning Region, Connecticut, United States"
"Canaan, Litchfield County, Connecticut, United States of America",41.747319,-73.1887243,"Litchfield, Northwest Hills Planning Region, Connecticut, United States"
"Ennismore, Petersboro, Ontario, Canada",44.4099602,-78.4317746,"Ennismore, Selwyn, Peterborough County, Central Ontario, Ontario, K0L 1T0, Canada"
"Forcester, Gloucestershire, , England",51.7250911,-2.3145133,"Frocester, Stroud, Gloucestershire, England, United Kingdom"
"Gloucester, Massachusetts Colony of the British Isles, Essex, England, United Kingdom",42.6153595,-70.6624608,"Gloucester, Essex County, Massachusetts, United States"
"Grenville, Argenteuil, Canada East (Quebec) ,: Deux Montagnes County , LOWER CANADA",45.6239736,-74.5993629,"Grenville, Argenteuil, Laurentides, Québec, J0V 1J0, Canada"
"Long Island City, Queens, New York, British Colonies",40.7455316,-73.9484995,"Long Island City, Queens, Queens County, City of New York, New York, 11109, United States"
"Lynn, Essex County, Massachusetts, British Colonial America",42.466763,-70.9494939,"Lynn, Essex County, Massachusetts, United States"
"Massachusetts, Massachusetts, USA",42.3788774,-72.032366,"Massachusetts, United States"
"Mendon, Worcester, Massachusetts Bay Colony, British Colonia, Herefordshire and Worcester, England, United Kingdom",42.1075708,-71.5535197,"Mendon, Worcester County, Massachusetts, United States"
"North Yarmouth, York, Maine, USA",43.8289389,-70.2487493,"North Yarmouth, Cumberland County, Maine, 04097, United States"
"Oyster Ponds, LI New York, USA",41.071401,-71.8918385,"Oyster Pond, Town of East Hampton, Suffolk County, New York, United States"
"Piscataway, Essex, New Jersey, USA",40.5464326,-74.4660542,"Piscataway Township, Middlesex County, New Jersey, United States"
"Preston City, New London County, Connecticut, British Colonial America",41.4915013,-72.1237666,"New London, Connecticut, 06382, United States"
"Southold Long Island, Suffolk, New York, USA",41.067221,-72.4408007,"Southold, Town of Southold, Suffolk County, New York, 11971, United States"
"Southold, Lewis, New York, USA",41.067221,-72.4408007,"Southold, Town of Southold, Suffolk County, New York, 11971, United States"
"Southold, Suffolk Co., Long Island, New York, USA",41.067221,-72.4408007,"Southold, Town of Southold, Suffolk County, New York, 11971, United States"
"Stepney, Middlesex, , England",51.5174023,-0.0462189,"Stepney, London Borough of Tower Hamlets, Greater London, England, E1 3DH, United Kingdom"
"Stepney, Middlesex, England",51.5174023,-0.0462189,"Stepney, London Borough of Tower Hamlets, Greater London, England, E1 3DH, United Kingdom"
"Thornbury, South Gloucestershire Unitary Authority, Gloucestershire, England",51.6078094,-2.5254942,"Thornbury, South Gloucestershire, West of England, England, United Kingdom"
"Warwick, Kent County, Rhode Island, British Colonies",41.6992717,-71.4586114,"Warwick, Kent County, Rhode Island, United States"
"Weathersfield, Hartford, Connecticut, United States",41.764582,-72.6908547,"Hartford, Capitol Planning Region, Connecticut, United States"
"West Hawkesbury, Prescott Co, Ontario, Canada",45.5362892,-74.6456987,"West Hawkesbury, Champlain, Prescott and Russell Counties, Eastern Ontario, Ontario, Canada"
"Wethersfield, Hartford, Connecticut Colony",41.7142665,-72.6525922,"Wethersfield, Capitol Planning Region, Connecticut, 06109, United States"
"Windsor, Hartford Co, Connecticut, USA",41.8525984,-72.6437022,"Windsor, Capitol Planning Region, Connecticut, United States"
"Windsor, Hartford County, Connecticut, United States of America",41.8525984,-72.6437022,"Windsor, Capitol Planning Region, Connecticut, United States"
"Yattenden, Berkshire, , England",52.6071742,1.7314845,"Great Yarmouth, Norfolk, England, United Kingdom"
"""Executed - Hanged"", Dorchester, Suffolk County, Massachusetts",42.2973205,-71.0744952,"Dorchester, Boston, Suffolk County, Massachusetts, United States"
"1654343, Ontario, Canada",50.000678,-86.000977,"Ontario, Canada"
"Abergavenny, , Monmouthshire, England",51.8213212,-3.0147935,"Abergavenny, Monmouthshire, Cymru / Wales, NP7 5NQ, United Kingdom"
"Allyn Point, Ledyard Center, New London, Connecticut, USA",41.4915013,-72.1237666,"New London, Connecticut, 06382, United States"
"Allyn's Point, Norwich, New London, Connecticut, USA",41.4915013,-72.1237666,"New London, Connecticut, 06382, United States"
"Apperly Manor, Gloucestershire, , England",51.7643786,-2.1880662,"Gloucestershire, England, United Kingdom"
"Ashford, Ashford Borough, Kent, England",51.148555,0.8722566,"Ashford, Kent, England, United Kingdom"
"Attleborough, Breckland Borough, Norfolk, England",52.5179648,1.0105931,"Attleborough, Breckland, Norfolk, England, United Kingdom"
"Bayonne, Hudson, New Jersey, Colonial America",40.6687141,-74.1143091,"Bayonne, Hudson County, New Jersey, 07002, United States"
"Bergen, Bergen, New Jersey Colony, Colonial America",40.9597161,-74.0494718,"Bergen Catholic High School, Oradell Avenue, Oradell, Bergen County, New Jersey, 07652, United States"
"Beverly, Essex, Massachusetts, British America",42.5489744,-70.8781883,"Beverly, Essex County, Massachusetts, United States"
"Braintree, Essex, Massachusetts, United States",42.2205956,-71.0041229,"Braintree, Norfolk County, Massachusetts, 02184, United States"
"Braintree, MA, Suffolk, England, United Kingdom",42.2205956,-71.0041229,"Braintree, Norfolk County, Massachusetts, 02184, United States"
"Braintree, Norfolk, Massachusetts, Colonial America",42.2205956,-71.0041229,"Braintree, Norfolk County, Massachusetts, 02184, United States"
"Branford,,New Haven,CONNECTICUT,BRITISH COLONIAL AMERICA,",41.3096707,-72.9300833,"Branford College, York Street, Downtown, Dixwell, New Haven, South Central Connecticut Planning Region, Connecticut, 06520, United States"
"Brimsfield, Gloucestershire, , England",51.8121951,-2.0894409,"Brimpsfield, Cotswold, Gloucestershire, England, United Kingdom"
"Brimsfield, Gloucs",51.8121951,-2.0894409,"Brimpsfield, Cotswold, Gloucestershire, England, United Kingdom"
"Brookhaven, Long Island, New York, USA",40.7792653,-72.9153827,"Town of Brookhaven, Suffolk County, New York, United States"
"Canaan Litchfield Connecticut, United States",41.747319,-73.1887243,"Litchfield, Northwest Hills Planning Region, Connecticut, United States"
"Canaan, Litchfield Co., Connecticut, USA",41.747319,-73.1887243,"Litchfield, Northwest Hills Planning Region, Connecticut, United States"
"Charleston, Suffolk, Massachusetts, United States",42.3778749,-71.0619957,"Charlestown, Boston, Suffolk County, Massachusetts, 02129, United States"
"Charlestown, Suffolk County, Massachusetts, Colonial America",42.3778749,-71.0619957,"Charlestown, Boston, Suffolk County, Massachusetts, 02129, United States"
"Berkshire now in Oxfordshire now, Oxfordshire, , England",51.4534889,-1.031873,"Berkshire, Reading, England, United Kingdom"
"Cicero, Onondago, NY, USA",43.1756235,-76.1193678,"Town of Cicero, Onondaga County, New York, United States"
"Concord, Litchfield, Connecticut, USA",41.747319,-73.1887243,"Litchfield, Northwest Hills Planning Region, Connecticut, United States"
"Count, Cork, Ireland",51.8985136,-8.4726423,"Cork, County Cork, Munster, Éire / Ireland"
"Darthmouth, Bristol, Massachusetts, USA",41.6386894,-70.9933545,"Dartmouth, Bristol County, Massachusetts, United States"
"Dartmouth, Bristol County, Massachusetts, Colonial America",41.6386894,-70.9933545,"Dartmouth, Bristol County, Massachusetts, United States"
"Derby, Derby Unitary Authority, Derbyshire, England",52.9212617,-1.4761491,"Derby, Derbyshire, East Midlands, England, DE1 2AA, United Kingdom"
"Dover, Straffordshire, England, United Kingdom",52.8057407,-2.1457252,"Dover view, Burleyfields, Derrington, Stafford, Staffordshire, England, ST16 1XL, United Kingdom"
"East Haddam, Middlesex County, Connecticut, Britich Colonial America",41.4528584,-72.4613331,"East Haddam, Lower Connecticut River Valley Planning Region, Connecticut, United States"
"East Haddam, Middlesex, Connecticut, Britich Colonial America",41.4528584,-72.4613331,"East Haddam, Lower Connecticut River Valley Planning Region, Connecticut, United States"
"East Hampton, Suffolk County, New York Colony, Colonial British America",40.9633868,-72.1847598,"Town of East Hampton, Suffolk County, New York, United States"
"East Hampton, Suffolk, New York Colony, Colonial British America",40.9633868,-72.1847598,"Town of East Hampton, Suffolk County, New York, United States"
"East Hartford or Glastonbury, Hartford, Connecticut,",41.767914,-72.644512,"East Hartford, Capitol Planning Region, Connecticut, United States"
"East Hartford, Hartford County, Connecticut, United States of America",41.767914,-72.644512,"East Hartford, Capitol Planning Region, Connecticut, United States"
"East Hartford, Hartford, Connecticut, Colonial America",41.767914,-72.644512,"East Hartford, Capitol Planning Region, Connecticut, United States"
"Eastbury Ch., Glastonbury, Hartford, Connecticut, USA",41.860376,-72.6031451,"East Windsor Hill, John Fitch Boulevard, East Windsor Hill, South Windsor, Capitol Planning Region, Connecticut, 06074, United States"
"Eastbury, Hartford, Hartford, Connecticut, USA",41.7046436,-72.5319099,"Old Eastbury Cemetery, 975, Glastonbury, Capitol Planning Region, Connecticut, 06033, United States"
"Eastington Churc, Gloucestershire, , England",51.7643786,-2.1880662,"Gloucestershire, England, United Kingdom"
"Eastingtonchurch, Gloucestershire, , England",51.7643786,-2.1880662,"Gloucestershire, England, United Kingdom"
"Edgartown, Dukes, Massachusetts Bay, British Colonial America",41.3894198,-70.5129682,"Edgartown, Dukes County, Massachusetts, 02539, United States"
"Elmwood, Tuscalosa, Michigan",43.5847412,-83.2832836,"Elmwood Township, Tuscola County, Michigan, United States"
"Exeter, City of Exeter, Devon, England",50.7256138,-3.5269209,"Exeter, Devon, Devon and Torbay, England, United Kingdom"
"Fabius, Kenney Settlement, Onondaga, New York, USA",42.835067,-75.9860322,"Town of Fabius, Onondaga County, New York, United States"
"Falls Village, Litchfield, Connecticut, USA",41.747319,-73.1887243,"Litchfield, Northwest Hills Planning Region, Connecticut, United States"
"Farmington, Hartford County, Connecticut, USA",41.7198216,-72.8320435,"Farmington, Capitol Planning Region, Connecticut, United States"
"Farmington, Hartford County, CT",41.7198216,-72.8320435,"Farmington, Capitol Planning Region, Connecticut, United States"
"Farmington, Hartford, Connecticut, Colonial America",41.7198216,-72.8320435,"Farmington, Capitol Planning Region, Connecticut, United States"
"Farmington, Htfd, Connecticut, USA",41.7198216,-72.8320435,"Farmington, Capitol Planning Region, Connecticut, United States"
"Fishing Creek, Northumberland, Pennsylvania, USA",41.2140653,-76.3738755,"Fishing Creek, Waterville, Benton Township, Columbia County, Pennsylvania, 17814, United States"
"Flatbush, Long Island, New York, USA",40.6520481,-73.959027,"Flatbush, Brooklyn, Kings County, City of New York, New York, 11226, United States"
"Froyle, Hants., England",51.1870769,-0.9356479,"Froyle, Upper Froyle, East Hampshire, Hampshire, England, United Kingdom"
"Gagetown, Tuscalosa, Michigan",43.65724,-83.24495,"Gagetown, Tuscola County, Michigan, United States"
"Gallows Hill, Hartford, Colonial Connecticut, America",41.764582,-72.6908547,"Hartford, Capitol Planning Region, Connecticut, United States"
"Glastonbury, Hartford County, Connecticut, USA",41.7123218,-72.608146,"Glastonbury, Capitol Planning Region, Connecticut, United States"
"Gravehenge, , , Netherlands",52.0749456,4.2696802,"Den Haag, Zuid-Holland, Nederland"
"Gravesend, Long Island, New York",40.5961338,-73.9739426,"Gravesend, Brooklyn, Kings County, City of New York, New York, 11223, United States"
"Grayling Cra, Michigan",44.661517,-84.714637,"Grayling, Crawford County, Michigan, United States"
"Great Yarmouth Borough, Norfolk, England, United Kingdom",52.6119213,1.7206879,"Great Yarmouth, Lime Kiln Walk, Runham Vauxhall, Great Yarmouth, Norfolk, England, NR30 1JJ, United Kingdom"
"Greenport, Suffolk, British Colonial America, New York, USA",41.1032958,-72.3593093,"Village of Greenport, Town of Southold, Suffolk County, New York, 11944, United States"
"Grenville, Argenteuil, Canada East, Canada",45.6239736,-74.5993629,"Grenville, Argenteuil, Laurentides, Québec, J0V 1J0, Canada"
"Groton, New London County, Connecticut, United States of America",41.4915013,-72.1237666,"New London, Connecticut, 06382, United States"
"Haddam, Middlesex County, Connecticut, Britich Colonial America",41.4803384,-72.5160604,"Haddam, Lower Connecticut River Valley Planning Region, Connecticut, United States"
"Hadley, Hampshire County, Massachusetts British Colonial America;",42.3423259,-72.5891221,"Hadley, Hampshire County, Massachusetts, 01035, United States"
"Hadley, Hampshire, Massachusetts, Colonial America",42.3423259,-72.5891221,"Hadley, Hampshire County, Massachusetts, 01035, United States"
"Hainaut, Hainaut, Belgium, Netherlands",50.36192,4.125217,"Hainaut, Wallonie, België / Belgique / Belgien"
"Hamden Delaw, New York",42.1911969,-74.9946083,"Town of Hamden, Delaware County, New York, United States"
"Hartford, Hartford County, Connecticut, New England",43.6349274,-72.3308184,"Connecticut River Road, Hartford, Windsor County, Vermont, 05009, United States"
"Hartford, Hartford County, Connecticut, United States",43.6349274,-72.3308184,"Connecticut River Road, Hartford, Windsor County, Vermont, 05009, United States"
"Hartford, Hartford, Connecticut, British Colonial America",41.764582,-72.6908547,"Hartford, Capitol Planning Region, Connecticut, United States"
"Hartford, Hartford, Connecticut, Colonial America",41.764582,-72.6908547,"Hartford, Capitol Planning Region, Connecticut, United States"
"Hatherup, Glouchester, England",51.7339143,-1.7564947,"Hatherop, Cotswold, Gloucestershire, England, United Kingdom"
"Hatherup,,Gloucestershire,England",51.7339143,-1.7564947,"Hatherop, Cotswold, Gloucestershire, England, United Kingdom"
"Haupersweiler,  jetzt Kreis St Wendel, Saarland, Deutschland",49.5121435,7.2663683,"Haupersweiler, Freisen, Landkreis St. Wendel, Saarland, Deutschland"
"Haupersweiler, Departement de la Sarre (bis  1814), jetzt Kreis St. Wendel, Saarland, Deutschland",49.5121435,7.2663683,"Haupersweiler, Freisen, Landkreis St. Wendel, Saarland, Deutschland"
"Haupersweiler, St Wendel, Rheinland, Preussen",49.5121435,7.2663683,"Haupersweiler, Freisen, Landkreis St. Wendel, Saarland, Deutschland"
"Haverhill, Massachusetts Bay Colony, British Colonial Americ, Essex, England, United Kingdom",42.7777829,-71.0767724,"Haverhill, Essex County, Massachusetts, United States"
"Heathfield, Wealden District, East Sussex, England",50.9717443,0.2517025,"Heathfield, Wealden, East Sussex, England, TN21 8PJ, United Kingdom"
"Heemstede, Heemstede Municipality, Noord-Holland, Netherlands",52.3622395,4.6250735,"Heemstede Noord, Zuiderhoutlaan, Haarlem, Noord-Holland, Nederland, 2101 KK, Nederland"
"Dige, Orne, Basse-Normandie, France",49.4452254,1.0913423,"Banque de France, 32, Rue Jean Lecanuet, Vieux-Marché-Cathédrale, Quartier Vieux-Marché Cathédrale, Rouen, Seine-Maritime, Normandie, France métropolitaine, 76000, France"
"Hempstead, Long Island City, Queens, New York",40.6736812,-73.6190736,"Town of Hempstead, Nassau County, New York, United States"
"Hempstead, Long Island, NY, USA",40.6736812,-73.6190736,"Town of Hempstead, Nassau County, New York, United States"
"Hempstead,Long Island,New York,USA",40.6736812,-73.6190736,"Town of Hempstead, Nassau County, New York, United States"
"Eu, Seine-Maritime, Haute-Normandie, France",49.4452254,1.0913423,"Banque de France, 32, Rue Jean Lecanuet, Vieux-Marché-Cathédrale, Quartier Vieux-Marché Cathédrale, Rouen, Seine-Maritime, Normandie, France métropolitaine, 76000, France"
"Husbandsbosworth, Leicestershire, England",52.4496866,-1.0604836,"Husbands Bosworth, Harborough, Leicestershire, England, United Kingdom"
"Husbandsbosworth, Leicestershite, England",52.4496866,-1.0604836,"Husbands Bosworth, Harborough, Leicestershire, England, United Kingdom"
"Ipswich, Massachusetts Bay, British America, Essex, England, United Kingdom",42.679273,-70.8411583,"Ipswich, Essex County, Massachusetts, 01938, United States"
"Jamaica, Livingston, New York, USA",40.6987631,-73.8088251,"Jamaica, 94th Avenue, Queens, Queens County, City of New York, New York, 11435, United States"
"Jamaica, Long Island, New York",40.6987631,-73.8088251,"Jamaica, 94th Avenue, Queens, Queens County, City of New York, New York, 11435, United States"
"Jamaica, Queens, New York Colony",40.6987631,-73.8088251,"Jamaica, 94th Avenue, Queens, Queens County, City of New York, New York, 11435, United States"
"Grestain, Eure, Haute-Normandie, France",49.4452254,1.0913423,"Banque de France, 32, Rue Jean Lecanuet, Vieux-Marché-Cathédrale, Quartier Vieux-Marché Cathédrale, Rouen, Seine-Maritime, Normandie, France métropolitaine, 76000, France"
"Kings Stanley, Stroud District, Gloucestershire, England",51.7643786,-2.1880662,"Gloucestershire, England, United Kingdom"
"Lancastershire, Oxfordshire, , England",53.8611743,-2.547115,"Lancashire, England, United Kingdom"
"Lapraire, Laprarie, Quebec, Canada",45.4797055,-73.5646887,"Rue Laprairie, Pointe-Saint-Charles, Le Sud-Ouest, Montréal, Agglomération de Montréal, Montréal (région administrative), Québec, H3K 1M8, Canada"
"Laprairie, Canada, Quebec, Canada",45.4797055,-73.5646887,"Rue Laprairie, Pointe-Saint-Charles, Le Sud-Ouest, Montréal, Agglomération de Montréal, Montréal (région administrative), Québec, H3K 1M8, Canada"
"Laprairie, Naperville, Quebec, Canada",45.4797055,-73.5646887,"Rue Laprairie, Pointe-Saint-Charles, Le Sud-Ouest, Montréal, Agglomération de Montréal, Montréal (région administrative), Québec, H3K 1M8, Canada"
"Laprarie, Laprarie, Quebec, Canada",45.4797055,-73.5646887,"Rue Laprairie, Pointe-Saint-Charles, Le Sud-Ouest, Montréal, Agglomération de Montréal, Montréal (région administrative), Québec, H3K 1M8, Canada"
"Leicester Castle, Leicestershire, , England",52.6849138,-1.1847653,"Leicestershire, England, United Kingdom"
"Leiden, Leiden Municipality, Zuid-Holland, Netherlands",52.1594747,4.4908843,"Leiden, Zuid-Holland, Nederland"
"Little Compton, Newport, Rhode Island Colony",41.5101085,-71.1711648,"Little Compton, Newport County, Rhode Island, United States"
Long Island (Jaimaica area) New York Colonly,40.7455316,-73.9484995,"Long Island City, Queens, Queens County, City of New York, New York, 11109, United States"
"Long Island City(Gravesend), Queens, New York, United States",40.7455316,-73.9484995,"Long Island City, Queens, Queens County, City of New York, New York, 11109, United States"
"Long Island City, Queens, New York, Colonial America",40.7455316,-73.9484995,"Long Island City, Queens, Queens County, City of New York, New York, 11109, United States"
"Markham Township, York County, Ontario, Canada",43.8563707,-79.3376825,"Markham, York Region, Golden Horseshoe, Ontario, Canada"
"Markham Township, York, Ontario, Canada",43.8563707,-79.3376825,"Markham, York Region, Golden Horseshoe, Ontario, Canada"
"Marlborough, Middlesex, Massachusetts, Colonial America",42.3468589,-71.5525188,"Marlborough, Middlesex County, Massachusetts, 01752, United States"
"Massachusetts Colony, MA",42.3788774,-72.032366,"Massachusetts, United States"
"Massachusetts, British America",42.3788774,-72.032366,"Massachusetts, United States"
"Mattituck, Suffolk, Long Island, New York",41.0119055,-72.5505388,"Mattituck, Town of Southold, Suffolk County, New York, United States"
"Mendon, Massachusetts Bay, British Colonial America, Suffolk, England, United Kingdom",42.1075708,-71.5535197,"Mendon, Worcester County, Massachusetts, United States"
"Mendon, Worcester, Massachusetts Bay, British Colonial Ameri, Herefordshire and Worcester, England, United Kingdom",42.1075708,-71.5535197,"Mendon, Worcester County, Massachusetts, United States"
"Middlestown, Mdsx, Massachusetts, USA",42.485452,-71.3968261,"Middlesex County, Massachusetts, United States"
"Middletown, Mddlsx, Connecticut, USA",41.5461633,-72.6238142,"Connecticut State Veterans Cemetery, 317, Middletown, Lower Connecticut River Valley Planning Region, Connecticut, 06457, United States"
"Middletown, Middlesex County, Connecticut, USA",41.5461633,-72.6238142,"Connecticut State Veterans Cemetery, 317, Middletown, Lower Connecticut River Valley Planning Region, Connecticut, 06457, United States"
"Middletown, Middlesex County, United States of America",41.5461633,-72.6238142,"Connecticut State Veterans Cemetery, 317, Middletown, Lower Connecticut River Valley Planning Region, Connecticut, 06457, United States"
"Middletown, Middlesex, Connecticut, Colonial America",41.5461633,-72.6238142,"Connecticut State Veterans Cemetery, 317, Middletown, Lower Connecticut River Valley Planning Region, Connecticut, 06457, United States"
"Millent, Gloucestershire, , England",51.7643786,-2.1880662,"Gloucestershire, England, United Kingdom"
"Lomboeuf, Evreux, Normandie, France",49.4452254,1.0913423,"Banque de France, 32, Rue Jean Lecanuet, Vieux-Marché-Cathédrale, Quartier Vieux-Marché Cathédrale, Rouen, Seine-Maritime, Normandie, France métropolitaine, 76000, France"
"Mesnil Sous, Junnieges, Normandie, France",49.4452254,1.0913423,"Banque de France, 32, Rue Jean Lecanuet, Vieux-Marché-Cathédrale, Quartier Vieux-Marché Cathédrale, Rouen, Seine-Maritime, Normandie, France métropolitaine, 76000, France"
"New London, New London County, Connecticut, United States of America",41.4915013,-72.1237666,"New London, Connecticut, 06382, United States"
"Newport, Newport, Rhode Island",41.4899827,-71.3137707,"Newport, Newport County, Rhode Island, 02840, United States"
"Newport, Newport, Rhode Island, British Colonial America",41.4899827,-71.3137707,"Newport, Newport County, Rhode Island, 02840, United States"
"North Benfleet, Basildon District, Essex, England",51.5811509,0.5435726,"North Benfleet, Basildon, Essex, England, SS12 9JL, United Kingdom"
"Northampton, Hampshire, Massachusetts Bay Colony, British Colonial America",42.3178989,-72.6311006,"Northampton, Hampshire County, Massachusetts, United States"
"Northhampton, Hampshire, Massachusetts Colony, British America",42.3178989,-72.6311006,"Northampton, Hampshire County, Massachusetts, United States"
"Oberkirchen, Sankt Wendel, Rhein, Preussen, Allemagne",49.5267777,7.2590378,"Oberkirchen, Freisen, Landkreis St. Wendel, Saarland, 66629, Deutschland"
"Orient, Suffolk, Long Island City, Queens, New York, United States",41.1372575,-72.2795773,"Orient, Orient Point, Town of Southold, Suffolk County, New York, United States"
"Oysterponds, Long Island, New York, USA",41.1446001,-72.300622,"Oysterponds Elementary School, 23405, Main Road, Orient, Town of Southold, Suffolk County, New York, 11957, United States"
"Pennsylvania, Pennsylvania, USA",39.9503945,-75.1946713,"Pennsylvania, United States"
"Peterboroughcounty, , Ontario, Canada",44.3048009,-78.3199496,"Peterborough, Central Ontario, Ontario, Canada"
"Piscataway, Middlesex New Jersey British Colony, America",40.5464326,-74.4660542,"Piscataway Township, Middlesex County, New Jersey, United States"
"Pomfret, Windham County, Connecticut",41.8975977,-71.9625736,"Pomfret, Northeastern Connecticut Planning Region, Connecticut, United States"
"Pontiac, Oak, Michigan, USA",42.6389216,-83.2910468,"Pontiac, Oakland County, Michigan, United States"
"Portsmouth, British Colonial America, Rhode Island, USA",41.6024068,-71.2503157,"Portsmouth, Newport County, Rhode Island, United States"
"Portsmouth, Newport, British Colonial America, Rhode Island, USA",41.6024068,-71.2503157,"Portsmouth, Newport County, Rhode Island, United States"
"Portsmouth, Rockingham County, New Hampshire, british colonies",43.0751306,-70.7601826,"Portsmouth, Rockingham County, New Hampshire, United States"
"Portsmouth, Rockingham, New Hampshire, British Colonial America",43.0751306,-70.7601826,"Portsmouth, Rockingham County, New Hampshire, United States"
"Preston City, New London, Connecticut, American Colonies",41.4915013,-72.1237666,"New London, Connecticut, 06382, United States"
"Providence, Providence County, Rhode Island, Colonial America",41.8239891,-71.4128343,"Providence, Providence County, Rhode Island, United States"
"Providence, Providence, Colony of Rhode Island and Providence Plantations",41.8239891,-71.4128343,"Providence, Providence County, Rhode Island, United States"
"Providence, Providence, Rhode Island, British Colonial America",41.8239891,-71.4128343,"Providence, Providence County, Rhode Island, United States"
"Raby, Durham, North Carolina, USA",54.5910607,-1.8017245,"Raby Castle, A688, Raby with Keverstone, Staindrop, County Durham, North East, England, DL2 3AF, United Kingdom"
"Raritan Landing, Somerset, New Jersey, United States",40.567181,-74.634683,"Raritan, Somerset County, New Jersey, 08869, United States"
"Rogers City, Iron, Michigan, USA",45.421391,-83.818185,"Rogers City, Presque Isle County, Michigan, 49779, United States"
"Rotherfield, Leicestershire, , England",51.5336152,-0.9884797,"Rotherfield Peppard, South Oxfordshire, Oxfordshire, England, United Kingdom"
"Rouen, Seine Inferieure, Normandy, France",49.4381934,1.0961695,"Ace Crédit Rouen, 4, Place de la Haute Vieille Tour, Vieux-Marché-Cathédrale, Quartier Vieux-Marché Cathédrale, Rouen, Seine-Maritime, Normandie, France métropolitaine, 76000, France"
"Rowley, Essex, Colonial Massachusetts",42.7136977,-70.8818364,"Rowley, Essex County, Massachusetts, 01969, United States"
"Rusper, Sussex Co, England",51.1210429,-0.2801661,"Rusper, Horsham, West Sussex, England, United Kingdom"
"Sacco, York, York, Maine, USA",43.5007555,-70.4429451,"Saco, York County, Maine, 04072, United States"
"Saco, Yorke, Maine, USA",43.5007555,-70.4429451,"Saco, York County, Maine, 04072, United States"
"Retford, Bassetlaw District, Nottinghamshire, England",53.1459288,-1.0214971,"Nottinghamshire, East Midlands, England, United Kingdom"
"Salem Massachusetts Bay Colony, Massachusetts, USA",42.5195292,-70.8967226,"Salem, Essex County, Massachusetts, 01970, United States"
"Saybrook twp, Middlesex County, Connecticut, USA",41.4514825,-72.4764321,"The Saybrook at Haddam, Tylerville, Haddam, Lower Connecticut River Valley Planning Region, Connecticut, United States"
"Saybrook, Middlesex County, Connecticut",41.4514825,-72.4764321,"The Saybrook at Haddam, Tylerville, Haddam, Lower Connecticut River Valley Planning Region, Connecticut, United States"
"Scarboro, York, Maine, United States",41.4514825,-72.4764321,"The Saybrook at Haddam, Tylerville, Haddam, Lower Connecticut River Valley Planning Region, Connecticut, United States"
"Scarborough, Cumberland, Maine, Colonial America",43.6005144,-70.3559673,"Scarborough, Cumberland County, Maine, 04074, United States"
"Sebwaing, Tuscola, Mich  USA",43.7323467,-83.4513398,"Sebewaing, Huron County, Michigan, United States"
"Sebwaing, Tuscola, Michigan, USA",43.7323467,-83.4513398,"Sebewaing, Huron County, Michigan, United States"
"Seneco Co., Ohio",41.1235018,-83.1278988,"Seneca County, Ohio, United States"
"Shalford, Braintree District, Essex, England",51.9246466,0.5003317,"Shalford, Braintree, Essex, England, United Kingdom"
"Sharon, Litchfield County, Connecticut, United States of America",41.747319,-73.1887243,"Litchfield, Northwest Hills Planning Region, Connecticut, United States"
"Rushden, East Northamptonshire Borough, Northamptonshire, England",52.3106138,-0.865913,"Northamptonshire, England, United Kingdom"
"South Canaan, Litchfield County, Connecticut, United States of America",41.747319,-73.1887243,"Litchfield, Northwest Hills Planning Region, Connecticut, United States"
"Southold (now West Mattituck), Suffolk County, Long Island, New York Colony",41.067221,-72.4408007,"Southold, Town of Southold, Suffolk County, New York, 11971, United States"
"Southold Twp, Suffolk, New York, USA",41.067221,-72.4408007,"Southold, Town of Southold, Suffolk County, New York, 11971, United States"
"Southold, Livingston, New York, United States",41.067221,-72.4408007,"Southold, Town of Southold, Suffolk County, New York, 11971, United States"
"Southold, Long Island, Suffolk County, New York, USA",41.067221,-72.4408007,"Southold, Town of Southold, Suffolk County, New York, 11971, United States"
"Southold, Long Island, Suffolk, New York Colony",41.067221,-72.4408007,"Southold, Town of Southold, Suffolk County, New York, 11971, United States"
"Southold, Suffold, New York, United States",41.067221,-72.4408007,"Southold, Town of Southold, Suffolk County, New York, 11971, United States"
"Southold, Suffolk County, Long Island, New York, USA",41.067221,-72.4408007,"Southold, Town of Southold, Suffolk County, New York, 11971, United States"
"Sibbertoft, Daventry District, Northamptonshire, England",52.3106138,-0.865913,"Northamptonshire, England, United Kingdom"
"Southold, Suffolk, British Colonial America, New York, USA",41.067221,-72.4408007,"Southold, Town of Southold, Suffolk County, New York, 11971, United States"
"Southwold, Middlesex, England",52.3260841,1.6793095,"Southwold, East Suffolk, Suffolk, England, United Kingdom"
"Southwold, Waveney District, Suffolk, England",52.3260841,1.6793095,"Southwold, East Suffolk, Suffolk, England, United Kingdom"
"St Albans, Hertfordshire, England Sudbury, Suffolk, England",51.753051,-0.3379675,"St Albans, Hertfordshire, England, United Kingdom"
"St Constant, La Prairie, Quebec, Canada",45.3724897,-73.5704589,"Saint-Constant, Roussillon, Montérégie, Québec, Canada"
"St Cosme De Vair, Orne, Perche, France",47.6831571,7.0624903,"Saint-Cosme, Altkirch, Haut-Rhin, Grand Est, France métropolitaine, 68210, France"
"St Cosme De Vair, Sarthe, Perche, France",47.6831571,7.0624903,"Saint-Cosme, Altkirch, Haut-Rhin, Grand Est, France métropolitaine, 68210, France"
"St Stevens, Ipswich, England, UK",52.0565539,1.1901501,"Stephen's Court, California, Ipswich, Suffolk, England, IP4 5JU, United Kingdom"
"St Philbert Du Mesnil Sous Junnieges, Rouen, Normandy, France",49.4452254,1.0913423,"Banque de France, 32, Rue Jean Lecanuet, Vieux-Marché-Cathédrale, Quartier Vieux-Marché Cathédrale, Rouen, Seine-Maritime, Normandie, France métropolitaine, 76000, France"
"Stonington, New London Co., Connecticut, USA",41.5187226,-72.0519409,"Stonington Estates, Norwich, Southeastern Connecticut Planning Region, Connecticut, United States"
"Stratford, Fairfield County, Connecticut",41.1923646,-73.1304917,"Stratford, Greater Bridgeport Planning Region, Connecticut, United States"
"Suffolk, Livingston, New York Colony OR NEW AMSTERDAM, NY",42.7913482,-77.8240969,"Suffolk Hall, 70, Red Jacket Drive, Village of Geneseo, Town of Geneseo, Livingston County, New York, 14454, United States"
"Sutton Cum Lound, Nottingham, Nottinghamshire, England",53.3554487,-0.9796692,"Sutton cum Lound Village Hall, Town Street, Sutton, Bassetlaw, Nottinghamshire, East Midlands, England, DN22 8PT, United Kingdom"
"Sutton-Cum-Lound, Nottingham, England",53.3554487,-0.9796692,"Sutton cum Lound Village Hall, Town Street, Sutton, Bassetlaw, Nottinghamshire, East Midlands, England, DN22 8PT, United Kingdom"
"Taunton, Bristol county, Massachusetts Bay Colony,  America",41.9019257,-71.0931485,"Taunton, Bristol County, Massachusetts, United States"
"Wakeshema, , Michigan, USA",42.114789,-85.35315,"Wakeshma Township, Kalamazoo County, Michigan, 49052, United States"
"Wallingford, New Haven, Connecticut, Amercian Colonies",41.4564233,-72.8239356,"Wallingford, South Central Connecticut Planning Region, Connecticut, 06492, United States"
"Warwick, Colony of Rhode Island and Providence Plantations, Warwickshire, England, United Kingdom",41.6992717,-71.4586114,"Warwick, Kent County, Rhode Island, United States"
"Warwick, Kent, American Colonies, Rhode Island, USA",41.6992717,-71.4586114,"Warwick, Kent County, Rhode Island, United States"
"Warwick, Kent, Rhode Island, British Colonial America",41.6992717,-71.4586114,"Warwick, Kent County, Rhode Island, United States"
"Warwick, Providence Plantations, Warwickshire, England, United Kingdom",41.6992717,-71.4586114,"Warwick, Kent County, Rhode Island, United States"
"Warwick, Providence, Rhode Island, British Colonial America",41.6992717,-71.4586114,"Warwick, Kent County, Rhode Island, United States"
"Wenatchee, Chelan Cty., Washington, USA",47.4234599,-120.310349,"Wenatchee, Chelan County, Washington, United States"
"Westerly, Kings, Rhode Island, USA",41.3775996,-71.8272911,"Westerly, South County, Rhode Island, United States"
"Westminster, Middlesex, , England",51.5004439,-0.1265398,"Westminster, Millbank, City of Westminster, Greater London, England, SW1P 3JX, United Kingdom"
"Wetherdfield, Hartford, Connecticut",41.7142665,-72.6525922,"Wethersfield, Capitol Planning Region, Connecticut, 06109, United States"
"Wethersfield, Hartford, Connecticut, Britich Colonial America",41.7142665,-72.6525922,"Wethersfield, Capitol Planning Region, Connecticut, 06109, United States"
"Woburn, Mddsx, Massachusetts, USA",42.4792618,-71.1522766,"Woburn, Middlesex County, Massachusetts, 01801, United States"
"Woburn, Middlesex, Massachusetts, Colonial America",42.4792618,-71.1522766,"Woburn, Middlesex County, Massachusetts, 01801, United States"
"Oberkirchen, Preußen, Germany",49.5267777,7.2590378,"Oberkirchen, Freisen, Landkreis St. Wendel, Saarland, 66629, Deutschland"
"Oberkirchen, Sankt Wendel, Rhein, Preußen, Deutschland",49.5267777,7.2590378,"Oberkirchen, Freisen, Landkreis St. Wendel, Saarland, 66629, Deutschland"
"Repentigny (La Purification de Bienheureuse vierge Marie), Québec, Canada",45.7326055,-73.4528307,"Repentigny, L'Assomption (MRC), Lanaudière, Québec, Canada"
"Saint-Roch-de-I’Achigan, L’Assumption, Quebec, Canada",45.8987205,-73.6430067,"Rivière Saint-Esprit, Saint-Esprit, Montcalm, Lanaudière, Québec, Canada"
